STABBR,avg_admit,count
MD,0.5858,5
PA,0.59507,20
WV,0.6492,1
VA,0.71846875,16
NJ,0.7542,2
All,0.6473522727272727,44
